,Keyword,dhq_total_keyword_count,jca_total_keyword_count,jooch_total_keyword_count,dsh_total_keyword_count,total_keyword_count,Significance score,Year,# of articles keyword DHQ,# of articles keyword JCA,# of articles keyword JOCCH,# of articles keyword DSH,DHQ_yearly_total,JCA_yearly_total,JOOCH_yearly_total,DSH_yearly_total,Rank,Size
0,algorithm,7,0,20,41,68,0.7,2008.0,0,0,0,2,6.0,0.0,12.0,38.0,22,29
1,algorithm,7,0,20,41,68,0.7,2010.0,0,0,0,1,22.0,0.0,10.0,29.0,22,29
2,algorithm,7,0,20,41,68,0.7,2011.0,0,0,2,0,20.0,0.0,20.0,50.0,22,29
3,algorithm,7,0,20,41,68,0.7,2012.0,0,0,1,0,28.0,0.0,12.0,55.0,22,29
4,algorithm,7,0,20,41,68,0.7,2013.0,1,0,2,4,30.0,0.0,24.0,92.0,22,29
5,algorithm,7,0,20,41,68,0.7,2014.0,0,0,1,0,28.0,0.0,21.0,70.0,22,29
6,algorithm,7,0,20,41,68,0.7,2015.0,0,0,0,2,34.0,0.0,33.0,69.0,22,29
7,algorithm,7,0,20,41,68,0.7,2016.0,0,0,2,0,53.0,11.0,17.0,65.0,22,29
8,algorithm,7,0,20,41,68,0.7,2017.0,1,0,3,2,54.0,7.0,32.0,68.0,22,29
9,algorithm,7,0,20,41,68,0.7,2018.0,0,0,1,3,62.0,13.0,17.0,78.0,22,29
10,algorithm,7,0,20,41,68,0.7,2019.0,0,0,2,3,39.0,28.0,32.0,93.0,22,29
11,algorithm,7,0,20,41,68,0.7,2020.0,1,0,1,2,68.0,26.0,44.0,69.0,22,29
12,algorithm,7,0,20,41,68,0.7,2021.0,0,0,0,4,69.0,31.0,60.0,122.0,22,29
13,algorithm,7,0,20,41,68,0.7,2022.0,2,0,1,1,79.0,16.0,74.0,98.0,22,29
14,algorithm,7,0,20,41,68,0.7,2023.0,2,0,4,2,64.0,19.0,86.0,73.0,22,29
15,analysis,34,10,34,87,165,0.95,2007.0,0,0,0,1,13.0,0.0,0.0,45.0,3,48
16,analysis,34,10,34,87,165,0.95,2008.0,0,0,0,2,6.0,0.0,12.0,38.0,3,48
17,analysis,34,10,34,87,165,0.95,2009.0,1,0,0,0,47.0,0.0,6.0,51.0,3,48
18,analysis,34,10,34,87,165,0.95,2011.0,0,0,2,1,20.0,0.0,20.0,50.0,3,48
19,analysis,34,10,34,87,165,0.95,2012.0,1,0,0,3,28.0,0.0,12.0,55.0,3,48
20,analysis,34,10,34,87,165,0.95,2013.0,1,0,2,5,30.0,0.0,24.0,92.0,3,48
21,analysis,34,10,34,87,165,0.95,2014.0,0,0,3,3,28.0,0.0,21.0,70.0,3,48
22,analysis,34,10,34,87,165,0.95,2015.0,0,0,4,6,34.0,0.0,33.0,69.0,3,48
23,analysis,34,10,34,87,165,0.95,2016.0,1,1,2,3,53.0,11.0,17.0,65.0,3,48
24,analysis,34,10,34,87,165,0.95,2017.0,7,0,3,6,54.0,7.0,32.0,68.0,3,48
25,analysis,34,10,34,87,165,0.95,2018.0,2,0,2,7,62.0,13.0,17.0,78.0,3,48
26,analysis,34,10,34,87,165,0.95,2019.0,1,1,3,6,39.0,28.0,32.0,93.0,3,48
27,analysis,34,10,34,87,165,0.95,2020.0,6,0,2,2,68.0,26.0,44.0,69.0,3,48
28,analysis,34,10,34,87,165,0.95,2021.0,6,3,4,8,69.0,31.0,60.0,122.0,3,48
29,analysis,34,10,34,87,165,0.95,2022.0,5,2,5,9,79.0,16.0,74.0,98.0,3,48
30,analysis,34,10,34,87,165,0.95,2023.0,3,3,2,1,64.0,19.0,86.0,73.0,3,48
31,annotation,8,4,13,29,54,0.75,2007.0,0,0,0,2,13.0,0.0,0.0,45.0,20,31
32,annotation,8,4,13,29,54,0.75,2008.0,0,0,0,1,6.0,0.0,12.0,38.0,20,31
33,annotation,8,4,13,29,54,0.75,2009.0,0,0,0,3,47.0,0.0,6.0,51.0,20,31
34,annotation,8,4,13,29,54,0.75,2010.0,1,0,0,0,22.0,0.0,10.0,29.0,20,31
35,annotation,8,4,13,29,54,0.75,2012.0,0,0,1,0,28.0,0.0,12.0,55.0,20,31
36,annotation,8,4,13,29,54,0.75,2013.0,0,0,1,1,30.0,0.0,24.0,92.0,20,31
37,annotation,8,4,13,29,54,0.75,2014.0,0,0,1,2,28.0,0.0,21.0,70.0,20,31
38,annotation,8,4,13,29,54,0.75,2015.0,0,0,0,2,34.0,0.0,33.0,69.0,20,31
39,annotation,8,4,13,29,54,0.75,2016.0,1,0,0,3,53.0,11.0,17.0,65.0,20,31
40,annotation,8,4,13,29,54,0.75,2017.0,1,0,1,1,54.0,7.0,32.0,68.0,20,31
41,annotation,8,4,13,29,54,0.75,2018.0,0,0,1,0,62.0,13.0,17.0,78.0,20,31
42,annotation,8,4,13,29,54,0.75,2019.0,1,3,0,2,39.0,28.0,32.0,93.0,20,31
43,annotation,8,4,13,29,54,0.75,2020.0,1,0,0,1,68.0,26.0,44.0,69.0,20,31
44,annotation,8,4,13,29,54,0.75,2021.0,0,1,2,2,69.0,31.0,60.0,122.0,20,31
45,annotation,8,4,13,29,54,0.75,2022.0,2,0,3,1,79.0,16.0,74.0,98.0,20,31
46,annotation,8,4,13,29,54,0.75,2023.0,1,0,2,1,64.0,19.0,86.0,73.0,20,31
47,annotation,8,4,13,29,54,0.75,2024.0,0,0,1,0,0.0,0.0,16.0,0.0,20,31
48,application,7,0,15,13,35,0.85,2007.0,0,0,0,1,13.0,0.0,0.0,45.0,6,45
49,application,7,0,15,13,35,0.85,2009.0,0,0,0,1,47.0,0.0,6.0,51.0,6,45
50,application,7,0,15,13,35,0.85,2010.0,0,0,0,1,22.0,0.0,10.0,29.0,6,45
51,application,7,0,15,13,35,0.85,2011.0,0,0,0,1,20.0,0.0,20.0,50.0,6,45
52,application,7,0,15,13,35,0.85,2013.0,0,0,1,0,30.0,0.0,24.0,92.0,6,45
53,application,7,0,15,13,35,0.85,2014.0,1,0,2,1,28.0,0.0,21.0,70.0,6,45
54,application,7,0,15,13,35,0.85,2015.0,0,0,1,0,34.0,0.0,33.0,69.0,6,45
55,application,7,0,15,13,35,0.85,2016.0,0,0,1,0,53.0,11.0,17.0,65.0,6,45
56,application,7,0,15,13,35,0.85,2017.0,0,0,2,0,54.0,7.0,32.0,68.0,6,45
57,application,7,0,15,13,35,0.85,2018.0,1,0,0,0,62.0,13.0,17.0,78.0,6,45
58,application,7,0,15,13,35,0.85,2019.0,0,0,1,0,39.0,28.0,32.0,93.0,6,45
59,application,7,0,15,13,35,0.85,2020.0,2,0,1,1,68.0,26.0,44.0,69.0,6,45
60,application,7,0,15,13,35,0.85,2021.0,2,0,1,0,69.0,31.0,60.0,122.0,6,45
61,application,7,0,15,13,35,0.85,2022.0,0,0,2,0,79.0,16.0,74.0,98.0,6,45
62,application,7,0,15,13,35,0.85,2023.0,1,0,3,2,64.0,19.0,86.0,73.0,6,45
63,classification,5,1,9,35,50,0.8,2008.0,0,0,1,1,6.0,0.0,12.0,38.0,10,41
64,classification,5,1,9,35,50,0.8,2010.0,0,0,1,1,22.0,0.0,10.0,29.0,10,41
65,classification,5,1,9,35,50,0.8,2011.0,0,0,1,3,20.0,0.0,20.0,50.0,10,41
66,classification,5,1,9,35,50,0.8,2012.0,0,0,0,3,28.0,0.0,12.0,55.0,10,41
67,classification,5,1,9,35,50,0.8,2013.0,0,0,0,3,30.0,0.0,24.0,92.0,10,41
68,classification,5,1,9,35,50,0.8,2014.0,1,0,0,3,28.0,0.0,21.0,70.0,10,41
69,classification,5,1,9,35,50,0.8,2015.0,1,0,0,1,34.0,0.0,33.0,69.0,10,41
70,classification,5,1,9,35,50,0.8,2016.0,0,0,0,1,53.0,11.0,17.0,65.0,10,41
71,classification,5,1,9,35,50,0.8,2017.0,0,1,1,1,54.0,7.0,32.0,68.0,10,41
72,classification,5,1,9,35,50,0.8,2018.0,0,0,0,2,62.0,13.0,17.0,78.0,10,41
73,classification,5,1,9,35,50,0.8,2019.0,0,0,1,0,39.0,28.0,32.0,93.0,10,41
74,classification,5,1,9,35,50,0.8,2020.0,0,0,0,1,68.0,26.0,44.0,69.0,10,41
75,classification,5,1,9,35,50,0.8,2021.0,1,0,0,1,69.0,31.0,60.0,122.0,10,41
76,classification,5,1,9,35,50,0.8,2022.0,1,0,2,4,79.0,16.0,74.0,98.0,10,41
77,classification,5,1,9,35,50,0.8,2023.0,1,0,2,5,64.0,19.0,86.0,73.0,10,41
78,clustering,3,0,6,20,29,0.85,2007.0,0,0,0,1,13.0,0.0,0.0,45.0,7,44
79,clustering,3,0,6,20,29,0.85,2013.0,0,0,0,4,30.0,0.0,24.0,92.0,7,44
80,clustering,3,0,6,20,29,0.85,2014.0,0,0,0,1,28.0,0.0,21.0,70.0,7,44
81,clustering,3,0,6,20,29,0.85,2015.0,1,0,0,1,34.0,0.0,33.0,69.0,7,44
82,clustering,3,0,6,20,29,0.85,2016.0,0,0,0,1,53.0,11.0,17.0,65.0,7,44
83,clustering,3,0,6,20,29,0.85,2017.0,0,0,2,0,54.0,7.0,32.0,68.0,7,44
84,clustering,3,0,6,20,29,0.85,2018.0,0,0,0,1,62.0,13.0,17.0,78.0,7,44
85,clustering,3,0,6,20,29,0.85,2019.0,1,0,0,1,39.0,28.0,32.0,93.0,7,44
86,clustering,3,0,6,20,29,0.85,2020.0,0,0,0,1,68.0,26.0,44.0,69.0,7,44
87,clustering,3,0,6,20,29,0.85,2021.0,1,0,0,3,69.0,31.0,60.0,122.0,7,44
88,clustering,3,0,6,20,29,0.85,2022.0,0,0,1,1,79.0,16.0,74.0,98.0,7,44
89,clustering,3,0,6,20,29,0.85,2023.0,0,0,1,1,64.0,19.0,86.0,73.0,7,44
90,clustering,3,0,6,20,29,0.85,2024.0,0,0,2,0,0.0,0.0,16.0,0.0,7,44
91,coding,4,0,0,2,6,0.8,2016.0,1,0,0,0,53.0,11.0,17.0,65.0,19,32
92,coding,4,0,0,2,6,0.8,2017.0,1,0,0,0,54.0,7.0,32.0,68.0,19,32
93,coding,4,0,0,2,6,0.8,2022.0,1,0,0,1,79.0,16.0,74.0,98.0,19,32
94,coding,4,0,0,2,6,0.8,2023.0,1,0,0,0,64.0,19.0,86.0,73.0,19,32
95,color,1,0,9,0,10,0.7,2011.0,0,0,1,0,20.0,0.0,20.0,50.0,37,14
96,color,1,0,9,0,10,0.7,2013.0,0,0,2,0,30.0,0.0,24.0,92.0,37,14
97,color,1,0,9,0,10,0.7,2015.0,0,0,2,0,34.0,0.0,33.0,69.0,37,14
98,color,1,0,9,0,10,0.7,2018.0,1,0,0,0,62.0,13.0,17.0,78.0,37,14
99,color,1,0,9,0,10,0.7,2019.0,0,0,2,0,39.0,28.0,32.0,93.0,37,14
100,color,1,0,9,0,10,0.7,2021.0,0,0,1,0,69.0,31.0,60.0,122.0,37,14
101,color,1,0,9,0,10,0.7,2023.0,0,0,1,0,64.0,19.0,86.0,73.0,37,14
102,computational tools,23,13,6,29,71,0.85,2008.0,0,0,1,1,6.0,0.0,12.0,38.0,4,47
103,computational tools,23,13,6,29,71,0.85,2009.0,0,0,0,2,47.0,0.0,6.0,51.0,4,47
104,computational tools,23,13,6,29,71,0.85,2010.0,1,0,0,1,22.0,0.0,10.0,29.0,4,47
105,computational tools,23,13,6,29,71,0.85,2011.0,0,0,0,1,20.0,0.0,20.0,50.0,4,47
106,computational tools,23,13,6,29,71,0.85,2012.0,0,0,1,0,28.0,0.0,12.0,55.0,4,47
107,computational tools,23,13,6,29,71,0.85,2013.0,1,0,0,1,30.0,0.0,24.0,92.0,4,47
108,computational tools,23,13,6,29,71,0.85,2014.0,1,0,0,3,28.0,0.0,21.0,70.0,4,47
109,computational tools,23,13,6,29,71,0.85,2015.0,0,0,0,1,34.0,0.0,33.0,69.0,4,47
110,computational tools,23,13,6,29,71,0.85,2016.0,1,0,1,2,53.0,11.0,17.0,65.0,4,47
111,computational tools,23,13,6,29,71,0.85,2017.0,1,0,0,1,54.0,7.0,32.0,68.0,4,47
112,computational tools,23,13,6,29,71,0.85,2018.0,2,1,0,5,62.0,13.0,17.0,78.0,4,47
113,computational tools,23,13,6,29,71,0.85,2019.0,1,0,0,0,39.0,28.0,32.0,93.0,4,47
114,computational tools,23,13,6,29,71,0.85,2020.0,4,4,0,1,68.0,26.0,44.0,69.0,4,47
115,computational tools,23,13,6,29,71,0.85,2021.0,5,3,0,5,69.0,31.0,60.0,122.0,4,47
116,computational tools,23,13,6,29,71,0.85,2022.0,3,4,3,3,79.0,16.0,74.0,98.0,4,47
117,computational tools,23,13,6,29,71,0.85,2023.0,3,1,0,0,64.0,19.0,86.0,73.0,4,47
118,correlation,2,2,1,13,18,0.85,2011.0,0,0,1,0,20.0,0.0,20.0,50.0,8,43
119,correlation,2,2,1,13,18,0.85,2013.0,0,0,0,2,30.0,0.0,24.0,92.0,8,43
120,correlation,2,2,1,13,18,0.85,2015.0,0,0,0,1,34.0,0.0,33.0,69.0,8,43
121,correlation,2,2,1,13,18,0.85,2016.0,0,0,0,1,53.0,11.0,17.0,65.0,8,43
122,correlation,2,2,1,13,18,0.85,2017.0,0,1,0,1,54.0,7.0,32.0,68.0,8,43
123,correlation,2,2,1,13,18,0.85,2018.0,0,0,0,1,62.0,13.0,17.0,78.0,8,43
124,correlation,2,2,1,13,18,0.85,2019.0,1,0,0,0,39.0,28.0,32.0,93.0,8,43
125,correlation,2,2,1,13,18,0.85,2020.0,0,1,0,2,68.0,26.0,44.0,69.0,8,43
126,correlation,2,2,1,13,18,0.85,2022.0,0,0,0,1,79.0,16.0,74.0,98.0,8,43
127,correlation,2,2,1,13,18,0.85,2023.0,1,0,0,0,64.0,19.0,86.0,73.0,8,43
128,data,31,7,38,39,115,1.0,2008.0,0,0,0,3,6.0,0.0,12.0,38.0,1,50
129,data,31,7,38,39,115,1.0,2009.0,2,0,0,0,47.0,0.0,6.0,51.0,1,50
130,data,31,7,38,39,115,1.0,2010.0,1,0,1,1,22.0,0.0,10.0,29.0,1,50
131,data,31,7,38,39,115,1.0,2011.0,1,0,3,0,20.0,0.0,20.0,50.0,1,50
132,data,31,7,38,39,115,1.0,2012.0,0,0,0,2,28.0,0.0,12.0,55.0,1,50
133,data,31,7,38,39,115,1.0,2013.0,1,0,1,0,30.0,0.0,24.0,92.0,1,50
134,data,31,7,38,39,115,1.0,2014.0,4,0,2,2,28.0,0.0,21.0,70.0,1,50
135,data,31,7,38,39,115,1.0,2015.0,1,0,3,1,34.0,0.0,33.0,69.0,1,50
136,data,31,7,38,39,115,1.0,2016.0,1,1,1,0,53.0,11.0,17.0,65.0,1,50
137,data,31,7,38,39,115,1.0,2017.0,0,1,3,0,54.0,7.0,32.0,68.0,1,50
138,data,31,7,38,39,115,1.0,2018.0,1,0,1,2,62.0,13.0,17.0,78.0,1,50
139,data,31,7,38,39,115,1.0,2019.0,2,1,4,5,39.0,28.0,32.0,93.0,1,50
140,data,31,7,38,39,115,1.0,2020.0,8,1,2,4,68.0,26.0,44.0,69.0,1,50
141,data,31,7,38,39,115,1.0,2021.0,5,1,0,8,69.0,31.0,60.0,122.0,1,50
142,data,31,7,38,39,115,1.0,2022.0,1,1,9,3,79.0,16.0,74.0,98.0,1,50
143,data,31,7,38,39,115,1.0,2023.0,3,1,6,5,64.0,19.0,86.0,73.0,1,50
144,data,31,7,38,39,115,1.0,2024.0,0,0,2,0,0.0,0.0,16.0,0.0,1,50
145,design,9,0,17,16,42,0.7,2008.0,1,0,0,0,6.0,0.0,12.0,38.0,27,24
146,design,9,0,17,16,42,0.7,2010.0,0,0,0,1,22.0,0.0,10.0,29.0,27,24
147,design,9,0,17,16,42,0.7,2011.0,0,0,1,0,20.0,0.0,20.0,50.0,27,24
148,design,9,0,17,16,42,0.7,2013.0,0,0,1,2,30.0,0.0,24.0,92.0,27,24
149,design,9,0,17,16,42,0.7,2014.0,1,0,2,1,28.0,0.0,21.0,70.0,27,24
150,design,9,0,17,16,42,0.7,2015.0,1,0,0,1,34.0,0.0,33.0,69.0,27,24
151,design,9,0,17,16,42,0.7,2016.0,0,0,0,1,53.0,11.0,17.0,65.0,27,24
152,design,9,0,17,16,42,0.7,2017.0,3,0,4,0,54.0,7.0,32.0,68.0,27,24
153,design,9,0,17,16,42,0.7,2018.0,0,0,0,1,62.0,13.0,17.0,78.0,27,24
154,design,9,0,17,16,42,0.7,2019.0,1,0,2,0,39.0,28.0,32.0,93.0,27,24
155,design,9,0,17,16,42,0.7,2020.0,0,0,3,0,68.0,26.0,44.0,69.0,27,24
156,design,9,0,17,16,42,0.7,2021.0,0,0,1,1,69.0,31.0,60.0,122.0,27,24
157,design,9,0,17,16,42,0.7,2022.0,1,0,2,0,79.0,16.0,74.0,98.0,27,24
158,design,9,0,17,16,42,0.7,2023.0,1,0,1,0,64.0,19.0,86.0,73.0,27,24
159,display,5,0,3,3,11,0.7,2009.0,1,0,0,0,47.0,0.0,6.0,51.0,36,15
160,display,5,0,3,3,11,0.7,2010.0,1,0,0,0,22.0,0.0,10.0,29.0,36,15
161,display,5,0,3,3,11,0.7,2011.0,0,0,1,1,20.0,0.0,20.0,50.0,36,15
162,display,5,0,3,3,11,0.7,2016.0,1,0,0,0,53.0,11.0,17.0,65.0,36,15
163,display,5,0,3,3,11,0.7,2017.0,0,0,0,1,54.0,7.0,32.0,68.0,36,15
164,display,5,0,3,3,11,0.7,2019.0,0,0,1,0,39.0,28.0,32.0,93.0,36,15
165,display,5,0,3,3,11,0.7,2021.0,2,0,0,0,69.0,31.0,60.0,122.0,36,15
166,display,5,0,3,3,11,0.7,2022.0,0,0,1,0,79.0,16.0,74.0,98.0,36,15
167,distribution,2,2,4,20,28,0.8,2007.0,0,0,0,1,13.0,0.0,0.0,45.0,13,38
168,distribution,2,2,4,20,28,0.8,2012.0,0,0,0,1,28.0,0.0,12.0,55.0,13,38
169,distribution,2,2,4,20,28,0.8,2015.0,0,0,0,1,34.0,0.0,33.0,69.0,13,38
170,distribution,2,2,4,20,28,0.8,2016.0,0,0,2,1,53.0,11.0,17.0,65.0,13,38
171,distribution,2,2,4,20,28,0.8,2017.0,0,0,1,1,54.0,7.0,32.0,68.0,13,38
172,distribution,2,2,4,20,28,0.8,2019.0,1,0,0,2,39.0,28.0,32.0,93.0,13,38
173,distribution,2,2,4,20,28,0.8,2021.0,0,1,0,2,69.0,31.0,60.0,122.0,13,38
174,distribution,2,2,4,20,28,0.8,2022.0,1,1,1,0,79.0,16.0,74.0,98.0,13,38
175,feature,4,1,4,14,23,0.7,2009.0,1,0,0,0,47.0,0.0,6.0,51.0,30,21
176,feature,4,1,4,14,23,0.7,2011.0,0,0,1,1,20.0,0.0,20.0,50.0,30,21
177,feature,4,1,4,14,23,0.7,2012.0,0,0,0,1,28.0,0.0,12.0,55.0,30,21
178,feature,4,1,4,14,23,0.7,2013.0,0,0,0,5,30.0,0.0,24.0,92.0,30,21
179,feature,4,1,4,14,23,0.7,2014.0,1,0,1,0,28.0,0.0,21.0,70.0,30,21
180,feature,4,1,4,14,23,0.7,2015.0,0,0,0,1,34.0,0.0,33.0,69.0,30,21
181,feature,4,1,4,14,23,0.7,2017.0,1,0,0,0,54.0,7.0,32.0,68.0,30,21
182,feature,4,1,4,14,23,0.7,2018.0,0,0,0,1,62.0,13.0,17.0,78.0,30,21
183,feature,4,1,4,14,23,0.7,2019.0,1,0,1,0,39.0,28.0,32.0,93.0,30,21
184,feature,4,1,4,14,23,0.7,2021.0,0,1,0,0,69.0,31.0,60.0,122.0,30,21
185,feature,4,1,4,14,23,0.7,2022.0,0,0,1,2,79.0,16.0,74.0,98.0,30,21
186,feature,4,1,4,14,23,0.7,2023.0,0,0,0,1,64.0,19.0,86.0,73.0,30,21
187,frequency,2,1,2,21,26,0.8,2007.0,0,0,0,2,13.0,0.0,0.0,45.0,14,37
188,frequency,2,1,2,21,26,0.8,2008.0,0,0,0,1,6.0,0.0,12.0,38.0,14,37
189,frequency,2,1,2,21,26,0.8,2011.0,0,0,0,1,20.0,0.0,20.0,50.0,14,37
190,frequency,2,1,2,21,26,0.8,2013.0,0,0,0,3,30.0,0.0,24.0,92.0,14,37
191,frequency,2,1,2,21,26,0.8,2014.0,0,0,1,1,28.0,0.0,21.0,70.0,14,37
192,frequency,2,1,2,21,26,0.8,2016.0,0,0,1,1,53.0,11.0,17.0,65.0,14,37
193,frequency,2,1,2,21,26,0.8,2018.0,0,0,0,1,62.0,13.0,17.0,78.0,14,37
194,frequency,2,1,2,21,26,0.8,2020.0,0,0,0,1,68.0,26.0,44.0,69.0,14,37
195,frequency,2,1,2,21,26,0.8,2021.0,1,0,0,0,69.0,31.0,60.0,122.0,14,37
196,frequency,2,1,2,21,26,0.8,2022.0,0,1,0,0,79.0,16.0,74.0,98.0,14,37
197,frequency,2,1,2,21,26,0.8,2023.0,1,0,0,1,64.0,19.0,86.0,73.0,14,37
198,image,9,1,17,13,40,0.7,2007.0,1,0,0,0,13.0,0.0,0.0,45.0,28,23
199,image,9,1,17,13,40,0.7,2009.0,1,0,0,1,47.0,0.0,6.0,51.0,28,23
200,image,9,1,17,13,40,0.7,2011.0,0,0,3,0,20.0,0.0,20.0,50.0,28,23
201,image,9,1,17,13,40,0.7,2012.0,1,0,1,2,28.0,0.0,12.0,55.0,28,23
202,image,9,1,17,13,40,0.7,2013.0,0,0,1,0,30.0,0.0,24.0,92.0,28,23
203,image,9,1,17,13,40,0.7,2014.0,1,0,0,0,28.0,0.0,21.0,70.0,28,23
204,image,9,1,17,13,40,0.7,2015.0,0,0,1,0,34.0,0.0,33.0,69.0,28,23
205,image,9,1,17,13,40,0.7,2016.0,1,0,0,0,53.0,11.0,17.0,65.0,28,23
206,image,9,1,17,13,40,0.7,2017.0,1,0,2,1,54.0,7.0,32.0,68.0,28,23
207,image,9,1,17,13,40,0.7,2018.0,0,0,0,1,62.0,13.0,17.0,78.0,28,23
208,image,9,1,17,13,40,0.7,2019.0,1,0,0,0,39.0,28.0,32.0,93.0,28,23
209,image,9,1,17,13,40,0.7,2020.0,1,0,3,1,68.0,26.0,44.0,69.0,28,23
210,image,9,1,17,13,40,0.7,2021.0,1,1,1,1,69.0,31.0,60.0,122.0,28,23
211,image,9,1,17,13,40,0.7,2022.0,0,0,2,1,79.0,16.0,74.0,98.0,28,23
212,image,9,1,17,13,40,0.7,2023.0,0,0,3,0,64.0,19.0,86.0,73.0,28,23
213,information,3,4,17,17,41,0.85,2009.0,0,0,0,1,47.0,0.0,6.0,51.0,5,46
214,information,3,4,17,17,41,0.85,2011.0,1,0,1,0,20.0,0.0,20.0,50.0,5,46
215,information,3,4,17,17,41,0.85,2013.0,0,0,1,0,30.0,0.0,24.0,92.0,5,46
216,information,3,4,17,17,41,0.85,2014.0,0,0,1,0,28.0,0.0,21.0,70.0,5,46
217,information,3,4,17,17,41,0.85,2015.0,0,0,2,1,34.0,0.0,33.0,69.0,5,46
218,information,3,4,17,17,41,0.85,2016.0,0,0,2,0,53.0,11.0,17.0,65.0,5,46
219,information,3,4,17,17,41,0.85,2018.0,2,0,1,1,62.0,13.0,17.0,78.0,5,46
220,information,3,4,17,17,41,0.85,2019.0,0,0,3,0,39.0,28.0,32.0,93.0,5,46
221,information,3,4,17,17,41,0.85,2020.0,0,1,1,2,68.0,26.0,44.0,69.0,5,46
222,information,3,4,17,17,41,0.85,2021.0,0,1,0,2,69.0,31.0,60.0,122.0,5,46
223,information,3,4,17,17,41,0.85,2022.0,0,1,1,1,79.0,16.0,74.0,98.0,5,46
224,information,3,4,17,17,41,0.85,2023.0,0,1,3,0,64.0,19.0,86.0,73.0,5,46
225,information,3,4,17,17,41,0.85,2024.0,0,0,1,0,0.0,0.0,16.0,0.0,5,46
226,interactivity,4,1,16,13,34,0.7,2009.0,1,0,0,0,47.0,0.0,6.0,51.0,29,22
227,interactivity,4,1,16,13,34,0.7,2011.0,0,0,1,0,20.0,0.0,20.0,50.0,29,22
228,interactivity,4,1,16,13,34,0.7,2014.0,0,0,2,1,28.0,0.0,21.0,70.0,29,22
229,interactivity,4,1,16,13,34,0.7,2015.0,0,0,0,2,34.0,0.0,33.0,69.0,29,22
230,interactivity,4,1,16,13,34,0.7,2016.0,1,0,0,0,53.0,11.0,17.0,65.0,29,22
231,interactivity,4,1,16,13,34,0.7,2017.0,0,0,1,0,54.0,7.0,32.0,68.0,29,22
232,interactivity,4,1,16,13,34,0.7,2018.0,1,0,0,2,62.0,13.0,17.0,78.0,29,22
233,interactivity,4,1,16,13,34,0.7,2019.0,0,0,0,2,39.0,28.0,32.0,93.0,29,22
234,interactivity,4,1,16,13,34,0.7,2020.0,1,1,2,1,68.0,26.0,44.0,69.0,29,22
235,interactivity,4,1,16,13,34,0.7,2021.0,0,0,4,1,69.0,31.0,60.0,122.0,29,22
236,interactivity,4,1,16,13,34,0.7,2022.0,0,0,3,0,79.0,16.0,74.0,98.0,29,22
237,interactivity,4,1,16,13,34,0.7,2023.0,0,0,3,0,64.0,19.0,86.0,73.0,29,22
238,interface,15,0,15,13,43,0.8,2008.0,1,0,0,0,6.0,0.0,12.0,38.0,11,40
239,interface,15,0,15,13,43,0.8,2010.0,0,0,1,0,22.0,0.0,10.0,29.0,11,40
240,interface,15,0,15,13,43,0.8,2011.0,1,0,1,0,20.0,0.0,20.0,50.0,11,40
241,interface,15,0,15,13,43,0.8,2012.0,0,0,0,1,28.0,0.0,12.0,55.0,11,40
242,interface,15,0,15,13,43,0.8,2013.0,2,0,0,1,30.0,0.0,24.0,92.0,11,40
243,interface,15,0,15,13,43,0.8,2014.0,0,0,4,1,28.0,0.0,21.0,70.0,11,40
244,interface,15,0,15,13,43,0.8,2015.0,1,0,0,1,34.0,0.0,33.0,69.0,11,40
245,interface,15,0,15,13,43,0.8,2016.0,2,0,1,0,53.0,11.0,17.0,65.0,11,40
246,interface,15,0,15,13,43,0.8,2017.0,1,0,1,0,54.0,7.0,32.0,68.0,11,40
247,interface,15,0,15,13,43,0.8,2018.0,2,0,0,0,62.0,13.0,17.0,78.0,11,40
248,interface,15,0,15,13,43,0.8,2019.0,1,0,1,3,39.0,28.0,32.0,93.0,11,40
249,interface,15,0,15,13,43,0.8,2020.0,1,0,4,1,68.0,26.0,44.0,69.0,11,40
250,interface,15,0,15,13,43,0.8,2021.0,2,0,1,0,69.0,31.0,60.0,122.0,11,40
251,interface,15,0,15,13,43,0.8,2023.0,1,0,1,1,64.0,19.0,86.0,73.0,11,40
252,machine learning,8,5,11,21,45,0.7,2007.0,0,0,0,1,13.0,0.0,0.0,45.0,26,25
253,machine learning,8,5,11,21,45,0.7,2008.0,0,0,0,2,6.0,0.0,12.0,38.0,26,25
254,machine learning,8,5,11,21,45,0.7,2009.0,1,0,0,0,47.0,0.0,6.0,51.0,26,25
255,machine learning,8,5,11,21,45,0.7,2010.0,0,0,0,3,22.0,0.0,10.0,29.0,26,25
256,machine learning,8,5,11,21,45,0.7,2012.0,0,0,0,1,28.0,0.0,12.0,55.0,26,25
257,machine learning,8,5,11,21,45,0.7,2014.0,0,0,0,1,28.0,0.0,21.0,70.0,26,25
258,machine learning,8,5,11,21,45,0.7,2016.0,0,1,0,0,53.0,11.0,17.0,65.0,26,25
259,machine learning,8,5,11,21,45,0.7,2017.0,0,0,0,1,54.0,7.0,32.0,68.0,26,25
260,machine learning,8,5,11,21,45,0.7,2018.0,1,0,0,2,62.0,13.0,17.0,78.0,26,25
261,machine learning,8,5,11,21,45,0.7,2019.0,1,1,0,3,39.0,28.0,32.0,93.0,26,25
262,machine learning,8,5,11,21,45,0.7,2020.0,1,1,2,2,68.0,26.0,44.0,69.0,26,25
263,machine learning,8,5,11,21,45,0.7,2021.0,3,0,1,1,69.0,31.0,60.0,122.0,26,25
264,machine learning,8,5,11,21,45,0.7,2022.0,0,1,4,0,79.0,16.0,74.0,98.0,26,25
265,machine learning,8,5,11,21,45,0.7,2023.0,1,1,1,4,64.0,19.0,86.0,73.0,26,25
266,machine learning,8,5,11,21,45,0.7,2024.0,0,0,3,0,0.0,0.0,16.0,0.0,26,25
267,mapping,2,0,5,5,12,0.7,2009.0,1,0,0,0,47.0,0.0,6.0,51.0,35,16
268,mapping,2,0,5,5,12,0.7,2011.0,0,0,1,0,20.0,0.0,20.0,50.0,35,16
269,mapping,2,0,5,5,12,0.7,2014.0,0,0,0,1,28.0,0.0,21.0,70.0,35,16
270,mapping,2,0,5,5,12,0.7,2015.0,0,0,0,1,34.0,0.0,33.0,69.0,35,16
271,mapping,2,0,5,5,12,0.7,2016.0,0,0,1,0,53.0,11.0,17.0,65.0,35,16
272,mapping,2,0,5,5,12,0.7,2017.0,1,0,2,0,54.0,7.0,32.0,68.0,35,16
273,mapping,2,0,5,5,12,0.7,2018.0,0,0,0,1,62.0,13.0,17.0,78.0,35,16
274,mapping,2,0,5,5,12,0.7,2022.0,0,0,1,0,79.0,16.0,74.0,98.0,35,16
275,metadata,10,2,25,22,59,0.7,2007.0,0,0,0,1,13.0,0.0,0.0,45.0,23,28
276,metadata,10,2,25,22,59,0.7,2008.0,0,0,2,0,6.0,0.0,12.0,38.0,23,28
277,metadata,10,2,25,22,59,0.7,2009.0,0,0,0,3,47.0,0.0,6.0,51.0,23,28
278,metadata,10,2,25,22,59,0.7,2014.0,2,0,2,2,28.0,0.0,21.0,70.0,23,28
279,metadata,10,2,25,22,59,0.7,2015.0,0,0,0,2,34.0,0.0,33.0,69.0,23,28
280,metadata,10,2,25,22,59,0.7,2016.0,0,0,1,3,53.0,11.0,17.0,65.0,23,28
281,metadata,10,2,25,22,59,0.7,2017.0,1,0,2,2,54.0,7.0,32.0,68.0,23,28
282,metadata,10,2,25,22,59,0.7,2019.0,1,0,2,0,39.0,28.0,32.0,93.0,23,28
283,metadata,10,2,25,22,59,0.7,2020.0,2,1,0,4,68.0,26.0,44.0,69.0,23,28
284,metadata,10,2,25,22,59,0.7,2021.0,2,0,5,1,69.0,31.0,60.0,122.0,23,28
285,metadata,10,2,25,22,59,0.7,2022.0,1,0,3,2,79.0,16.0,74.0,98.0,23,28
286,metadata,10,2,25,22,59,0.7,2023.0,1,1,8,0,64.0,19.0,86.0,73.0,23,28
287,model,9,1,35,31,76,0.8,2007.0,0,0,0,3,13.0,0.0,0.0,45.0,9,42
288,model,9,1,35,31,76,0.8,2009.0,0,0,0,2,47.0,0.0,6.0,51.0,9,42
289,model,9,1,35,31,76,0.8,2010.0,1,0,2,0,22.0,0.0,10.0,29.0,9,42
290,model,9,1,35,31,76,0.8,2011.0,1,0,2,1,20.0,0.0,20.0,50.0,9,42
291,model,9,1,35,31,76,0.8,2012.0,0,0,1,1,28.0,0.0,12.0,55.0,9,42
292,model,9,1,35,31,76,0.8,2013.0,0,0,0,2,30.0,0.0,24.0,92.0,9,42
293,model,9,1,35,31,76,0.8,2014.0,0,0,1,0,28.0,0.0,21.0,70.0,9,42
294,model,9,1,35,31,76,0.8,2015.0,1,0,3,0,34.0,0.0,33.0,69.0,9,42
295,model,9,1,35,31,76,0.8,2016.0,0,0,1,0,53.0,11.0,17.0,65.0,9,42
296,model,9,1,35,31,76,0.8,2017.0,2,0,1,2,54.0,7.0,32.0,68.0,9,42
297,model,9,1,35,31,76,0.8,2018.0,1,0,2,0,62.0,13.0,17.0,78.0,9,42
298,model,9,1,35,31,76,0.8,2019.0,1,0,0,1,39.0,28.0,32.0,93.0,9,42
299,model,9,1,35,31,76,0.8,2020.0,0,1,5,1,68.0,26.0,44.0,69.0,9,42
300,model,9,1,35,31,76,0.8,2021.0,1,0,2,5,69.0,31.0,60.0,122.0,9,42
301,model,9,1,35,31,76,0.8,2022.0,1,0,6,3,79.0,16.0,74.0,98.0,9,42
302,model,9,1,35,31,76,0.8,2023.0,0,0,7,3,64.0,19.0,86.0,73.0,9,42
303,model,9,1,35,31,76,0.8,2024.0,0,0,2,0,0.0,0.0,16.0,0.0,9,42
304,point clouds,0,0,7,0,7,0.7,2016.0,0,0,2,0,53.0,11.0,17.0,65.0,39,12
305,point clouds,0,0,7,0,7,0.7,2018.0,0,0,1,0,62.0,13.0,17.0,78.0,39,12
306,point clouds,0,0,7,0,7,0.7,2019.0,0,0,1,0,39.0,28.0,32.0,93.0,39,12
307,point clouds,0,0,7,0,7,0.7,2020.0,0,0,1,0,68.0,26.0,44.0,69.0,39,12
308,point clouds,0,0,7,0,7,0.7,2022.0,0,0,1,0,79.0,16.0,74.0,98.0,39,12
309,point clouds,0,0,7,0,7,0.7,2023.0,0,0,1,0,64.0,19.0,86.0,73.0,39,12
310,prototype,5,0,8,6,19,0.7,2008.0,1,0,0,0,6.0,0.0,12.0,38.0,31,20
311,prototype,5,0,8,6,19,0.7,2009.0,1,0,0,0,47.0,0.0,6.0,51.0,31,20
312,prototype,5,0,8,6,19,0.7,2013.0,0,0,0,2,30.0,0.0,24.0,92.0,31,20
313,prototype,5,0,8,6,19,0.7,2014.0,0,0,2,0,28.0,0.0,21.0,70.0,31,20
314,prototype,5,0,8,6,19,0.7,2017.0,2,0,0,0,54.0,7.0,32.0,68.0,31,20
315,prototype,5,0,8,6,19,0.7,2018.0,0,0,2,1,62.0,13.0,17.0,78.0,31,20
316,prototype,5,0,8,6,19,0.7,2020.0,0,0,1,1,68.0,26.0,44.0,69.0,31,20
317,prototype,5,0,8,6,19,0.7,2022.0,0,0,3,0,79.0,16.0,74.0,98.0,31,20
318,prototype,5,0,8,6,19,0.7,2023.0,1,0,0,0,64.0,19.0,86.0,73.0,31,20
319,quantitative methods,0,2,1,9,12,0.7,2012.0,0,0,0,1,28.0,0.0,12.0,55.0,34,17
320,quantitative methods,0,2,1,9,12,0.7,2013.0,0,0,0,2,30.0,0.0,24.0,92.0,34,17
321,quantitative methods,0,2,1,9,12,0.7,2014.0,0,0,0,1,28.0,0.0,21.0,70.0,34,17
322,quantitative methods,0,2,1,9,12,0.7,2015.0,0,0,0,1,34.0,0.0,33.0,69.0,34,17
323,quantitative methods,0,2,1,9,12,0.7,2018.0,0,0,0,1,62.0,13.0,17.0,78.0,34,17
324,quantitative methods,0,2,1,9,12,0.7,2020.0,0,1,0,0,68.0,26.0,44.0,69.0,34,17
325,quantitative methods,0,2,1,9,12,0.7,2021.0,0,1,0,3,69.0,31.0,60.0,122.0,34,17
326,quantitative methods,0,2,1,9,12,0.7,2022.0,0,0,1,0,79.0,16.0,74.0,98.0,34,17
327,rendering,0,0,7,0,7,0.8,2008.0,0,0,1,0,6.0,0.0,12.0,38.0,18,33
328,rendering,0,0,7,0,7,0.8,2012.0,0,0,1,0,28.0,0.0,12.0,55.0,18,33
329,rendering,0,0,7,0,7,0.8,2014.0,0,0,1,0,28.0,0.0,21.0,70.0,18,33
330,rendering,0,0,7,0,7,0.8,2015.0,0,0,1,0,34.0,0.0,33.0,69.0,18,33
331,rendering,0,0,7,0,7,0.8,2017.0,0,0,1,0,54.0,7.0,32.0,68.0,18,33
332,rendering,0,0,7,0,7,0.8,2020.0,0,0,2,0,68.0,26.0,44.0,69.0,18,33
333,scale,3,2,6,4,15,0.7,2008.0,0,0,0,1,6.0,0.0,12.0,38.0,32,19
334,scale,3,2,6,4,15,0.7,2014.0,0,0,1,0,28.0,0.0,21.0,70.0,32,19
335,scale,3,2,6,4,15,0.7,2015.0,0,0,0,1,34.0,0.0,33.0,69.0,32,19
336,scale,3,2,6,4,15,0.7,2017.0,1,0,0,0,54.0,7.0,32.0,68.0,32,19
337,scale,3,2,6,4,15,0.7,2018.0,1,1,0,0,62.0,13.0,17.0,78.0,32,19
338,scale,3,2,6,4,15,0.7,2019.0,0,0,1,0,39.0,28.0,32.0,93.0,32,19
339,scale,3,2,6,4,15,0.7,2021.0,0,0,1,1,69.0,31.0,60.0,122.0,32,19
340,scale,3,2,6,4,15,0.7,2022.0,0,0,1,0,79.0,16.0,74.0,98.0,32,19
341,scale,3,2,6,4,15,0.7,2023.0,1,1,2,1,64.0,19.0,86.0,73.0,32,19
342,shape,1,0,9,1,11,0.8,2008.0,0,0,1,0,6.0,0.0,12.0,38.0,16,35
343,shape,1,0,9,1,11,0.8,2009.0,0,0,1,0,47.0,0.0,6.0,51.0,16,35
344,shape,1,0,9,1,11,0.8,2012.0,0,0,1,0,28.0,0.0,12.0,55.0,16,35
345,shape,1,0,9,1,11,0.8,2015.0,0,0,1,0,34.0,0.0,33.0,69.0,16,35
346,shape,1,0,9,1,11,0.8,2016.0,0,0,1,0,53.0,11.0,17.0,65.0,16,35
347,shape,1,0,9,1,11,0.8,2017.0,0,0,0,1,54.0,7.0,32.0,68.0,16,35
348,shape,1,0,9,1,11,0.8,2020.0,0,0,1,0,68.0,26.0,44.0,69.0,16,35
349,shape,1,0,9,1,11,0.8,2021.0,1,0,1,0,69.0,31.0,60.0,122.0,16,35
350,shape,1,0,9,1,11,0.8,2022.0,0,0,1,0,79.0,16.0,74.0,98.0,16,35
351,shape,1,0,9,1,11,0.8,2023.0,0,0,1,0,64.0,19.0,86.0,73.0,16,35
352,software,8,0,10,39,57,0.7,2007.0,0,0,0,2,13.0,0.0,0.0,45.0,24,27
353,software,8,0,10,39,57,0.7,2008.0,0,0,0,1,6.0,0.0,12.0,38.0,24,27
354,software,8,0,10,39,57,0.7,2010.0,0,0,1,1,22.0,0.0,10.0,29.0,24,27
355,software,8,0,10,39,57,0.7,2011.0,0,0,1,1,20.0,0.0,20.0,50.0,24,27
356,software,8,0,10,39,57,0.7,2013.0,0,0,0,2,30.0,0.0,24.0,92.0,24,27
357,software,8,0,10,39,57,0.7,2014.0,1,0,0,1,28.0,0.0,21.0,70.0,24,27
358,software,8,0,10,39,57,0.7,2015.0,0,0,1,2,34.0,0.0,33.0,69.0,24,27
359,software,8,0,10,39,57,0.7,2016.0,0,0,0,1,53.0,11.0,17.0,65.0,24,27
360,software,8,0,10,39,57,0.7,2017.0,0,0,1,1,54.0,7.0,32.0,68.0,24,27
361,software,8,0,10,39,57,0.7,2018.0,0,0,1,2,62.0,13.0,17.0,78.0,24,27
362,software,8,0,10,39,57,0.7,2019.0,1,0,1,1,39.0,28.0,32.0,93.0,24,27
363,software,8,0,10,39,57,0.7,2020.0,3,0,1,2,68.0,26.0,44.0,69.0,24,27
364,software,8,0,10,39,57,0.7,2021.0,2,0,2,0,69.0,31.0,60.0,122.0,24,27
365,software,8,0,10,39,57,0.7,2022.0,1,0,0,2,79.0,16.0,74.0,98.0,24,27
366,software,8,0,10,39,57,0.7,2023.0,0,0,1,0,64.0,19.0,86.0,73.0,24,27
367,table,0,1,1,7,9,0.8,2013.0,0,0,1,0,30.0,0.0,24.0,92.0,17,34
368,table,0,1,1,7,9,0.8,2015.0,0,0,0,2,34.0,0.0,33.0,69.0,17,34
369,table,0,1,1,7,9,0.8,2018.0,0,0,0,2,62.0,13.0,17.0,78.0,17,34
370,table,0,1,1,7,9,0.8,2021.0,0,0,0,1,69.0,31.0,60.0,122.0,17,34
371,table,0,1,1,7,9,0.8,2023.0,0,1,0,0,64.0,19.0,86.0,73.0,17,34
372,technology,15,0,16,26,57,0.7,2008.0,0,0,1,1,6.0,0.0,12.0,38.0,25,26
373,technology,15,0,16,26,57,0.7,2009.0,0,0,0,2,47.0,0.0,6.0,51.0,25,26
374,technology,15,0,16,26,57,0.7,2010.0,3,0,0,0,22.0,0.0,10.0,29.0,25,26
375,technology,15,0,16,26,57,0.7,2011.0,1,0,1,1,20.0,0.0,20.0,50.0,25,26
376,technology,15,0,16,26,57,0.7,2012.0,2,0,0,2,28.0,0.0,12.0,55.0,25,26
377,technology,15,0,16,26,57,0.7,2013.0,0,0,1,1,30.0,0.0,24.0,92.0,25,26
378,technology,15,0,16,26,57,0.7,2014.0,1,0,0,0,28.0,0.0,21.0,70.0,25,26
379,technology,15,0,16,26,57,0.7,2016.0,0,0,0,3,53.0,11.0,17.0,65.0,25,26
380,technology,15,0,16,26,57,0.7,2017.0,3,0,0,0,54.0,7.0,32.0,68.0,25,26
381,technology,15,0,16,26,57,0.7,2018.0,1,0,1,0,62.0,13.0,17.0,78.0,25,26
382,technology,15,0,16,26,57,0.7,2019.0,0,0,1,2,39.0,28.0,32.0,93.0,25,26
383,technology,15,0,16,26,57,0.7,2020.0,1,0,1,1,68.0,26.0,44.0,69.0,25,26
384,technology,15,0,16,26,57,0.7,2021.0,0,0,3,1,69.0,31.0,60.0,122.0,25,26
385,technology,15,0,16,26,57,0.7,2022.0,2,0,2,1,79.0,16.0,74.0,98.0,25,26
386,technology,15,0,16,26,57,0.7,2023.0,1,0,4,1,64.0,19.0,86.0,73.0,25,26
387,technology,15,0,16,26,57,0.7,2024.0,0,0,1,0,0.0,0.0,16.0,0.0,25,26
388,text mining,4,1,1,9,15,0.8,2008.0,0,0,0,1,6.0,0.0,12.0,38.0,15,36
389,text mining,4,1,1,9,15,0.8,2009.0,2,0,0,0,47.0,0.0,6.0,51.0,15,36
390,text mining,4,1,1,9,15,0.8,2015.0,0,0,0,2,34.0,0.0,33.0,69.0,15,36
391,text mining,4,1,1,9,15,0.8,2016.0,1,0,0,0,53.0,11.0,17.0,65.0,15,36
392,text mining,4,1,1,9,15,0.8,2017.0,0,0,1,1,54.0,7.0,32.0,68.0,15,36
393,text mining,4,1,1,9,15,0.8,2018.0,0,0,0,2,62.0,13.0,17.0,78.0,15,36
394,text mining,4,1,1,9,15,0.8,2019.0,0,0,0,2,39.0,28.0,32.0,93.0,15,36
395,text mining,4,1,1,9,15,0.8,2021.0,0,1,0,0,69.0,31.0,60.0,122.0,15,36
396,text mining,4,1,1,9,15,0.8,2022.0,0,0,0,1,79.0,16.0,74.0,98.0,15,36
397,text mining,4,1,1,9,15,0.8,2023.0,1,0,0,0,64.0,19.0,86.0,73.0,15,36
398,topic modeling,5,2,0,5,12,0.75,2013.0,1,0,0,0,30.0,0.0,24.0,92.0,21,30
399,topic modeling,5,2,0,5,12,0.75,2015.0,0,0,0,1,34.0,0.0,33.0,69.0,21,30
400,topic modeling,5,2,0,5,12,0.75,2017.0,1,0,0,0,54.0,7.0,32.0,68.0,21,30
401,topic modeling,5,2,0,5,12,0.75,2018.0,1,0,0,1,62.0,13.0,17.0,78.0,21,30
402,topic modeling,5,2,0,5,12,0.75,2019.0,2,0,0,1,39.0,28.0,32.0,93.0,21,30
403,topic modeling,5,2,0,5,12,0.75,2020.0,0,1,0,0,68.0,26.0,44.0,69.0,21,30
404,topic modeling,5,2,0,5,12,0.75,2021.0,0,0,0,2,69.0,31.0,60.0,122.0,21,30
405,topic modeling,5,2,0,5,12,0.75,2022.0,0,1,0,0,79.0,16.0,74.0,98.0,21,30
406,trend,2,0,2,9,13,0.7,2008.0,0,0,0,1,6.0,0.0,12.0,38.0,33,18
407,trend,2,0,2,9,13,0.7,2013.0,0,0,0,1,30.0,0.0,24.0,92.0,33,18
408,trend,2,0,2,9,13,0.7,2016.0,0,0,0,3,53.0,11.0,17.0,65.0,33,18
409,trend,2,0,2,9,13,0.7,2017.0,1,0,0,0,54.0,7.0,32.0,68.0,33,18
410,trend,2,0,2,9,13,0.7,2018.0,0,0,0,1,62.0,13.0,17.0,78.0,33,18
411,trend,2,0,2,9,13,0.7,2019.0,0,0,0,2,39.0,28.0,32.0,93.0,33,18
412,trend,2,0,2,9,13,0.7,2021.0,0,0,1,0,69.0,31.0,60.0,122.0,33,18
413,trend,2,0,2,9,13,0.7,2022.0,1,0,1,0,79.0,16.0,74.0,98.0,33,18
414,user experience,8,1,30,4,43,0.8,2009.0,1,0,0,0,47.0,0.0,6.0,51.0,12,39
415,user experience,8,1,30,4,43,0.8,2010.0,1,0,0,0,22.0,0.0,10.0,29.0,12,39
416,user experience,8,1,30,4,43,0.8,2013.0,0,0,1,0,30.0,0.0,24.0,92.0,12,39
417,user experience,8,1,30,4,43,0.8,2014.0,1,0,2,0,28.0,0.0,21.0,70.0,12,39
418,user experience,8,1,30,4,43,0.8,2015.0,1,0,1,0,34.0,0.0,33.0,69.0,12,39
419,user experience,8,1,30,4,43,0.8,2016.0,1,0,1,0,53.0,11.0,17.0,65.0,12,39
420,user experience,8,1,30,4,43,0.8,2017.0,0,0,1,0,54.0,7.0,32.0,68.0,12,39
421,user experience,8,1,30,4,43,0.8,2018.0,0,0,1,0,62.0,13.0,17.0,78.0,12,39
422,user experience,8,1,30,4,43,0.8,2019.0,0,0,3,0,39.0,28.0,32.0,93.0,12,39
423,user experience,8,1,30,4,43,0.8,2020.0,0,0,3,0,68.0,26.0,44.0,69.0,12,39
424,user experience,8,1,30,4,43,0.8,2021.0,0,1,7,0,69.0,31.0,60.0,122.0,12,39
425,user experience,8,1,30,4,43,0.8,2022.0,2,0,2,1,79.0,16.0,74.0,98.0,12,39
426,user experience,8,1,30,4,43,0.8,2023.0,1,0,8,0,64.0,19.0,86.0,73.0,12,39
427,variable,1,0,0,7,8,0.7,2013.0,0,0,0,1,30.0,0.0,24.0,92.0,38,13
428,variable,1,0,0,7,8,0.7,2014.0,1,0,0,0,28.0,0.0,21.0,70.0,38,13
429,variable,1,0,0,7,8,0.7,2018.0,0,0,0,2,62.0,13.0,17.0,78.0,38,13
430,visualization,36,3,25,45,109,1.0,2007.0,0,0,0,1,13.0,0.0,0.0,45.0,2,49
431,visualization,36,3,25,45,109,1.0,2008.0,0,0,0,1,6.0,0.0,12.0,38.0,2,49
432,visualization,36,3,25,45,109,1.0,2009.0,2,0,0,0,47.0,0.0,6.0,51.0,2,49
433,visualization,36,3,25,45,109,1.0,2011.0,0,0,3,1,20.0,0.0,20.0,50.0,2,49
434,visualization,36,3,25,45,109,1.0,2013.0,2,0,1,3,30.0,0.0,24.0,92.0,2,49
435,visualization,36,3,25,45,109,1.0,2014.0,0,0,1,2,28.0,0.0,21.0,70.0,2,49
436,visualization,36,3,25,45,109,1.0,2015.0,0,0,3,5,34.0,0.0,33.0,69.0,2,49
437,visualization,36,3,25,45,109,1.0,2016.0,2,1,1,1,53.0,11.0,17.0,65.0,2,49
438,visualization,36,3,25,45,109,1.0,2017.0,3,0,2,2,54.0,7.0,32.0,68.0,2,49
439,visualization,36,3,25,45,109,1.0,2018.0,2,0,1,1,62.0,13.0,17.0,78.0,2,49
440,visualization,36,3,25,45,109,1.0,2019.0,8,0,3,6,39.0,28.0,32.0,93.0,2,49
441,visualization,36,3,25,45,109,1.0,2020.0,5,1,1,1,68.0,26.0,44.0,69.0,2,49
442,visualization,36,3,25,45,109,1.0,2021.0,6,1,1,5,69.0,31.0,60.0,122.0,2,49
443,visualization,36,3,25,45,109,1.0,2022.0,3,0,5,5,79.0,16.0,74.0,98.0,2,49
444,visualization,36,3,25,45,109,1.0,2023.0,3,0,2,3,64.0,19.0,86.0,73.0,2,49
445,visualization,36,3,25,45,109,1.0,2024.0,0,0,1,0,0.0,0.0,16.0,0.0,2,49
